{
  "rep3(x)eh8 [24,4,12] (Ch4 winner)": {
    "1.0": 3.125018555039105e-07,
    "1.5": 6.25007421983792e-07,
    "2.0": 6.094455646532548e-06,
    "3.0": 5.443125055493159e-05,
    "5.0": 0.0008753223552304679,
    "8.0": 0.007945830505602824
  },
  "rep4(x)eh8 [32,4,16]": {
    "1.0": 0.0,
    "1.5": 0.0,
    "2.0": 7.812615969160497e-07,
    "3.0": 5.625601254111157e-06,
    "5.0": 0.00017243863590954422,
    "8.0": 0.0036360466412851955
  },
  "rep2(x)eh8 [16,4,8]": {
    "1.0": 1.1721359996663683e-05,
    "1.5": 4.222135064640975e-05,
    "2.0": 0.00012388485801956284,
    "3.0": 0.0005433810244506176,
    "5.0": 0.003201320226086324,
    "8.0": 0.01429340152166464
  },
  "eh8(x)eh8 [64,16,16] (frontier)": {
    "1.0": 7.812540891993791e-08,
    "1.5": 1.1328984872438497e-06,
    "2.0": 6.682678671710018e-06,
    "3.0": 0.00011934751311515335,
    "5.0": 0.0030102518452181926,
    "8.0": 0.024101001524367005
  },
  "rep3(x)rep3 [9,1,9]": {
    "1.0": 0.0,
    "1.5": 6.250027344001374e-07,
    "2.0": 6.250027344001374e-07,
    "3.0": 3.750098441168692e-06,
    "5.0": 6.0025215130432574e-05,
    "8.0": 0.0005049059103554576
  },
  "rep-7 [7,1,7]": {
    "1.0": 0.0,
    "1.5": 4.375133990264235e-06,
    "2.0": 5.000175008762486e-06,
    "3.0": 2.8130538667181515e-05,
    "5.0": 0.00017020264458378342,
    "8.0": 0.000841186532338889
  },
  "rep-13 [13,1,13]": {
    "1.0": 0.0,
    "1.5": 0.0,
    "2.0": 0.0,
    "3.0": 0.0,
    "5.0": 1.8750246098542256e-06,
    "8.0": 4.1887279751851025e-05
  },
  "C3 find [34,6,12]": {
    "1.0": 2.074077687191922e-05,
    "1.5": 7.25377009614947e-05,
    "2.0": 0.00018172182968806405,
    "3.0": 0.0007199481855389434,
    "5.0": 0.004630366111075979,
    "8.0": 0.022741469470957953
  }
}